UN Code	Name	1990	1995	2000	2005	2010	2015	2020	2025	2030	2035	2040	2045	2050	2055	2060	2065	2070	2075	2080	2085	2090	2095	2100
12	Algeria	61901990000	71818921362	83229773815	99884453999	123910914852	161684194325	214648108133	288823298101	385098820154	481374342207	577649864259	673925386312	770200908364	946544446505	1122887984646	1299231522786	1475575060927	1651918599068	1902491756221	2153064913374	2403638070528	2654211227681	2904784384834
24	Angola	10260190000	11903910985	13795247826	16555743621	20538104340	26798985845	35577699079	47872159117	63829726048	79787292980	95744859911	111702426843	127659993774	156888750500	186117507227	215346263953	244575020680	273803777406	315336015728	356868254051	398400492373	439932730695	481464969017
72	Botswana	3765789000	4369082546	5063258333	6076440808	7538083350	9836009480	13058053295	17570478735	23427371250	29284263765	35141156281	40998048796	46854941311	57582747577	68310553842	79038360107	89766166372	100493972637	115737515517	130981058397	146224601277	161468144156	176711687036
108	Burundi	1132101000	1313467833	1522156399	1826747254	2266157689	2956978250	3925614312	5282175009	7042919935	8803664861	10564409787	12325154713	14085899638	17310976827	20536054015	23761131204	26986208392	30211285581	34793918898	39376552216	43959185533	48541818851	53124452168
120	Cameroon	11151650000	12938186226	14993852494	17994194879	22322564325	29127424589	38668879224	52031547488	69375592897	86719638307	104063683716	121407729126	138751774535	170520081452	202288388370	234056695287	265825002204	297593309121	342734089700	387874870278	433015650857	478156431436	523297212014
132	Cape Verde	338691000	392950571	455383992	546508531	677967084	884640081	1174427226	1580269902	2107032496	2633795090	3160557684	3687320279	4214082873	5178930195	6143777517	7108624839	8073472161	9038319483	10409307284	11780295085	13151282887	14522270688	15893258489
140	Central African Republic	1487511000	1725815851	2000019774	2400233402	2977591655	3885287332	5158015469	6940452690	9253963097	11567473504	13880983911	16194494318	18508004725	22745557553	26983110380	31220663208	35458216036	39695768863	45717066847	51738364831	57759662814	63780960798	69802258781
148	Chad	1738611000	2017143014	2337634061	2805405940	3480225427	4541145103	6028716717	8112039098	10816082727	13520126356	16224169985	18928213614	21632257242	26585132185	31538007128	36490882071	41443757014	46396631957	53434358003	60472084049	67509810096	74547536142	81585262188
174	Comoros	250033100	290089342	336179796	403450999	500498129	653071094	867001721	1166608450	1555482333	1944356216	2333230099	2722103983	3110977866	3823260646	4535543425	5247826205	5960108985	6672391764	7684501121	8696610477	9708719834	10720829190	11732938546
178	Congo	2798754000	3247124906	3763039967	4516042459	5602342810	7310173479	9704813225	13058471317	17411344341	21764217366	26117090391	30469963415	34822836440	42795797935	50768759430	58741720926	66714682421	74687643916	86016724385	97345804853	108674885322	120003965790	131333046259
180	Democratic Republic of the Congo	11195000000	12988481059	15052138354	18064144021	22409339211	29240652126	38819197421	52233810613	69645277827	87056745042	104468212256	121879679470	139291146684	171182947085	203074747486	234966547886	266858348287	298750148688	344066405796	389382662903	434698920011	480015177119	525331434227
204	Benin	1845042000	2140624660	2480734922	2977141975	3693271285	4819136336	6397771295	8608626566	11478201223	14347775881	17217350538	20086925196	22956499854	28212570528	33468641201	38724711875	43980782549	49236853223	56705401472	64173949721	71642497970	79111046219	86579594468
226	Equatorial Guinea	132136500	153305264	177662964	213214182	264501264	345132419	458189628	616524602	822035128	1027545654	1233056179	1438566705	1644077231	2020501607	2396925982	2773350358	3149774733	3526199109	4061074643	4595950177	5130825712	5665701246	6200576781
231	Ethiopia	6841692000	7937756762	9198936539	11039688221	13695202931	17870079118	23723893920	31922076302	42562888803	53203701304	63844513805	74485326306	85126138807	104616435874	124106732941	143597030008	163087327075	182577624142	210272119339	237966614536	265661109732	293355604929	321050100125
232	Eritrea																							
262	Djibouti	424778200	492829264	571131776	685418006	850290199	1109494558	1472938705	1981936941	2642590063	3303243185	3963896307	4624549429	5285202552	6495291124	7705379697	8915468269	10125556841	11335645414	13055105720	14774566026	16494026332	18213486638	19932946944
266	Gabon	5952311000	6905893585	8003127173	9604591618	11914904537	15547070593	20639922806	27772388163	37029955633	46287523103	55545090573	64802658043	74060225512	91016894948	107973564384	124930233820	141886903256	158843572692	182937941219	207032309746	231126678274	255221046801	279315415328
270	Gambia	316922500	367694675	426115348	511383089	634392479	827782097	1098943912	1478702085	1971608358	2464514630	2957420902	3450327174	3943233447	4846067668	5748901890	6651736112	7554570334	8457404555	9740275613	11023146671	12306017729	13588888787	14871759845
288	Ghana	5886004000	6828963954	7913974681	9497599282	11782175992	15373880784	20410000116	27463011899	36617452780	45771893662	54926334543	64080775425	73235216306	90002993414	106770770523	123538547631	140306324739	157074101847	180900066170	204726030494	228551994818	252377959141	276203923465
324	Guinea	2818024000	3269482032	3788949275	4547136346	5640916098	7360505535	9771632871	13148381592	17531225047	21914068503	26296911958	30679755414	35062598869	43090455853	51118312837	59146169821	67174026804	75201883788	86608967318	98016050848	109423134378	120830217909	132237301439
384	Cote d'Ivoire	10796040000	12525606168	14515720210	17420386013	21610730013	28198593120	37435784558	50372336644	67163305515	83954274385	100745243255	117536212126	134327180996	165082442523	195837704050	226592965578	257348227105	288103488632	331804794964	375506101296	419207407628	462908713960	506610020293
404	Kenya	8533197000	9900247218	11473234644	13769084374	17081134983	22288186243	29589268332	39814327470	53085920127	66357512784	79629105441	92900698099	106172290756	130481269363	154790247970	179099226576	203408205183	227717183790	262258724586	296800265381	331341806176	365883346972	400424887767
426	Lesotho	622218300	721900009	836598119	1004005447	1245511474	1625195968	2157571686	2903156127	3870885786	4838615445	5806345104	6774074762	7741804421	9514351257	11286898093	13059444929	14831991765	16604538601	19123216981	21641895361	24160573740	26679252120	29197930499
430	Liberia	1258567900	1460195206	1692196352	2030813024	2519309959	3287302022	4364144330	5872246300	7829683882	9787121464	11744559046	13701996627	15659434209	19244784478	22830134746	26415485015	30000835284	33586185552	38680744422	43775303291	48869862161	53964421030	59058979900
434	Libyan Arab Jamahiriya	30846052276	35787705738	41473787095	49772892432	61745390691	80567993216	106960160157	143922005605	191896550303	239871095001	287845639699	335820184396	383794729094	471667542165	559540355237	647413168308	735285981380	823158794451	948020575220	1072882355988	1197744136757	1322605917525	1447467698294
450	Madagascar	3081284000	3574917273	4142913182	4971930142	6167890876	8048124479	10684499500	14376704324	19168993322	23961282321	28753571320	33545860319	38338149318	47115969265	55893789212	64671609159	73449429106	82227249053	94699983128	107172717202	119645451277	132118185352	144590919427
454	Malawi	1802901000	2091732514	2424074613	2909143664	3608916487	4709066633	6251645364	8412004412	11216037610	14020070808	16824104006	19628137204	22432170402	27568191736	32704213070	37840234404	42976255738	48112277072	55410242704	62708208337	70006173969	77304139602	84602105234
466	Mali	2421179000	2809060972	3255374836	3906791081	4846540554	6323970779	8395553872	11296775824	15062410373	18828044922	22593679471	26359314021	30124948570	37022291795	43919635019	50816978244	57714321469	64611664694	74412358760	84213052826	94013746892	103814440958	113615135024
478	Mauritania	1019601000	1182944911	1370895517	1645218339	2040963347	2663135163	3535515186	4757270704	6343045549	7928820393	9514595238	11100370082	12686144926	15590737296	18495329666	21399922036	24304514406	27209106776	31336351176	35463595577	39590839977	43718084377	47845328778
480	Mauritius	2642468000	3065801301	3552907006	4263860877	5289500828	6901964050	9162884053	12329269590	16439072623	20548875655	24658678687	28768481720	32878284752	40406025888	47933767024	55461508161	62989249297	70516990433	81213440571	91909890708	102606340845	113302790983	123999241120
504	Morocco	25820720000	29957296352	34717020977	41664064743	51686044945	67442134091	89534580369	120474729645	160633427254	200792124862	240950822471	281109520079	321268217688	394825095619	468381973550	541938851482	615495729413	689052607345	793572338138	898092068931	1002611799725	1107131530518	1211651261311
508	Mozambique	2512109000	2914558300	3377633964	4053514852	5028557634	6561474352	8710857991	11721038477	15628095510	19535152544	23442209578	27349266611	31256323645	38412704066	45569084487	52725464908	59881845329	67038225750	77206995498	87375765246	97544534993	107713304741	117882074489
516	Namibia	2339873000	2714729445	3146055572	3775596504	4683788099	6111604503	8113621432	10917416984	14556597156	18195777328	21834957500	25474137672	29113317844	35779040281	42444762718	49110485154	55776207591	62441930028	71913505416	81385080804	90856656192	100328231579	109799806967
562	Niger	2480680000	2878094256	3335376380	4002801321	4965645341	6479383735	8601876432	11574396544	15432572381	19290748217	23148924053	27007099890	30865275726	37932122660	44998969593	52065816526	59132663459	66199510393	76241058645	86282606897	96324155149	106365703401	116407251653
566	Nigeria	28472470000	33033866664	38282408014	45942902966	56994125807	74368342155	98729650200	132847307340	177130244179	221413181018	265696117857	309979054696	354261991535	435373052737	516484113939	597595175140	678706236342	759817297544	875071051096	990324804648	1105578558201	1220832311753	1336086065305
624	Guinea-Bissau	243961600	283045165	328016414	393654085	488344640	637212709	845948505	1138279947	1517710890	1897141832	2276572775	2656003717	3035434659	3730421229	4425407800	5120394370	5815380940	6510367510	7497900033	8485432555	9472965078	10460497600	11448030123
638	Reunion	5210732093	6045510951	7006043804	8407987046	10430465655	13610112055	18068462512	24312317401	32416514900	40520712398	48624909897	56729107396	64833304895	79677398495	94521492095	109365585695	124209679295	139053772895	160146303064	181238833234	202331363403	223423893572	244516423742
646	Rwanda	2584367000	2998392303	3474787820	4170109664	5173198459	6750207808	8961416059	12058181012	16077620163	20097059313	24116498464	28135937614	32155376765	39517602448	46879828132	54242053815	61604279499	68966505182	79427768195	89889031209	100350294222	110811557235	121272820248
686	Senegal	5698439000	6611350337	7661785818	9194946207	11406721976	14883972529	19759609516	26587868112	35450591098	44313314083	53176037068	62038760054	70901483039	87134933614	103368384188	119601834763	135835285338	152068735912	175135455594	198202175276	221268894958	244335614639	267402334321
694	Sierra Leone	896823000	1040497414	1205815442	1447104943	1795195250	2342446571	3109776605	4184411142	5579230638	6974050135	8368869631	9763689127	11158508624	13713336682	16268164740	18822992798	21377820856	23932648914	27562900067	31193151219	34823402371	38453653523	42083904675
706	Somalia	917044200	1063958126	1233003678	1479733676	1835672581	2395263103	3179894582	4278759541	5705028860	7131298179	8557567497	9983836816	11410106135	14022539416	16634972697	19247405979	21859839260	24472272542	28184377119	31896481697	35608586274	39320690852	43032795430
710	South Africa	111990000000	129931218743	150575165185	180705983819	224173461212	292510998798	388330676119	522524738775	696701622501	870878506228	1045055389954	1219232273681	1393409157407	1712441111572	2031473065736	2350505019901	2669536974065	2988568928230	3441893415368	3895217902507	4348542389645	4801866876784	5255191363922
716	Zimbabwe	8783878000	10191088256	11810285568	14173580817	17582930031	22942949612	30458516677	40983958901	54645433114	68306907327	81968381539	95629855752	109291329965	134314437059	159337544153	184360651247	209383758342	234406865436	269963138223	305519411010	341075683797	376631956585	412188229372
732	Western Sahara																							
736	Sudan	13166640000	15275985195	17703089498	21245563307	26356025193	34390454659	45655953330	61433120158	81911058585	102388997011	122866935437	143344873863	163822812289	201331329916	238839847542	276348365169	313856882795	351365400421	404662662010	457959923599	511257185188	564554446777	617851708366
748	Swaziland	859915700	997677426	1156192058	1387551679	1721316893	2246046971	2981798778	4012208470	5349626426	6687044382	8024462338	9361880294	10699298250	13148986491	15598674733	18048362975	20498051216	22947739458	26428593496	29909447534	33390301571	36871155609	40352009647
768	Togo	1628432000	1889312924	2189493860	2627622168	3259677094	4253364325	5646665770	7597964152	10130647527	12663330901	15196014276	17728697651	20261381025	24900383107	29539385190	34178387272	38817389354	43456391436	50048123745	56639856053	63231588362	69823320671	76415052979
788	Tunisia	12290570000	14259565489	16525177319	19831945205	24602371794	32102213648	42618138744	57345538697	76460934552	95576330407	114691726262	133807122117	152922517973	187935327731	222948137490	257960947249	292973757008	327986566767	377737583303	427488599839	477239616376	526990632912	576741649448
800	Uganda	4304456000	4994046023	5787518289	6945628684	8616347890	11242974586	14925906856	20083799866	26778475571	33473151276	40167826981	46862502686	53557178391	65819514397	78081850403	90344186409	102606522415	114868858421	132292872249	149716886077	167140899905	184564913733	201988927561
818	Egypt	43130420000	50040075324	57990625199	69594829705	86335347218	112654006900	149556792213	201238605623	268318899841	335399194058	402479488276	469559782493	536640076711	659508030783	782375984855	905243938927	1028111892999	1150979847071	1325567538174	1500155229276	1674742920379	1849330611481	2023918302584
834	United Republic of Tanzania	4258741000	4941007308	5726052590	6871863401	8524838918	11123569815	14767387909	19870502085	26494077726	33117653366	39741229007	46364804647	52988380288	65120485507	77252590726	89384695946	101516801165	113648906384	130887870396	148126834408	165365798420	182604762431	199843726443
854	Burkina Faso	2764559000	3207451738	3717063381	4460865737	5533893738	7220858240	9586240429	12898923737	17198613633	21498303530	25797993426	30097683323	34397373219	42272921573	50148469927	58024018281	65899566635	73775114989	84965777467	96156439944	107347102421	118537764899	129728427376
894	Zambia	3288382000	3815193151	4421364969	5306101478	6582444635	8589051730	11402621711	15342985495	20457371862	25571758229	30686144596	35800530963	40914917331	50282708522	59650499713	69018290904	78386082095	87753873286	101064919663	114375966039	127687012415	140998058791	154309105167
156	China	354640000000	483490125881	628076753055	806301005989	1021354105799	1270421200609	1553334857779	1860009115089	2350561914763	2841114714437	3331667514111	3822220313785	4312773113459	5336538449294	6360303785129	7384069120964	8407834456799	9431599792634	11410791944679	13389984096723	15369176248768	17348368400813	19327560552858
344	China, Hong Kong Special Administrative Region	74783560000	101954412470	132443648620	170026110026	215374735090	267895951052	327554451096	392223390646	495667121550	599110852453	702554583357	805998314260	909442045163	1125325240568	1341208435973	1557091631378	1772974826782	1988858022187	2406213749274	2823569476360	3240925203447	3658280930533	4075636657620
408	Korea, Democratic People's Republic of	16752306653	22838864348	29668775008	38087642981	48246213573	60011520221	73375653824	87862178754	111034666149	134207153543	157379640938	180552128333	203724615727	252084729777	300444843827	348804957877	397165071926	445525185976	539017273322	632509360667	726001448013	819493535359	912985622704
418	Lao People's Democratic Republic	864521600	1178625246	1531090456	1965555594	2489800039	3096961902	3786633027	4534226416	5730068654	6925910892	8121753130	9317595368	10513437606	13009115606	15504793607	18000471608	20496149608	22991827609	27816591781	32641355953	37466120125	42290884297	47115648470
446	Macau                        	3300721000	4499960557	5845663570	7504440173	9505991838	11824120053	14457266482	17311558613	21877253197	26442947782	31008642366	35574336951	40140031536	49668465280	59196899024	68725332768	78253766513	87782200257	106203024471	124623848685	143044672899	161465497113	179886321328
496	Mongolia	3135449122	4274641018	5552962734	7128681991	9030013068	11232069248	13733370223	16444743816	20781827464	25118911112	29455994761	33793078409	38130162057	47181493332	56232824607	65284155882	74335487157	83386818432	100885285315	118383752198	135882219082	153380685965	170879152848
704	Viet Nam	6471740000	8823094934	11461621492	14713992986	18638445242	23183610706	28346433940	33942858647	42894838615	51846818582	60798798550	69750778518	78702758485	97385205684	116067652883	134750100082	153432547280	172114994479	208232795680	244350596882	280468398083	316586199285	352704000486
8	Albania	2101625000	1722216745	1816542314	2005530800	2313225837	2652599125	3176109849	3967529872	4823939290	5680348707	6536758125	7393167542	8249576960	9933931253	11618285546	13302639839	14986994131	16671348424	19677566906	22683785388	25690003870	28696222352	31702440833
31	Azerbaijan	9836858000	8061001161	8502501061	9387079853	10827276073	12415745400	14866087709	18570405263	22578911933	26587418604	30595925274	34604431944	38612938615	46496720926	54380503238	62264285549	70148067861	78031850172	92102744990	106173639809	120244534627	134315429446	148386324264
51	Armenia	4123771000	3379302905	3564386850	3935216679	4538970378	5204882578	6232105961	7785016179	9465447427	11145878674	12826309922	14506741169	16187172417	19492182295	22797192174	26102202053	29407211932	32712221811	38610969967	44509718124	50408466281	56307214438	62205962595
70	Bosnia and Herzegovina	13012055317	10662977245	11246987010	12417095206	14322166203	16423370750	19664648571	24564666944	29867062336	35169457728	40471853120	45774248512	51076643905	61505198586	71933753267	82362307948	92790862629	103219417311	121832196080	140444974849	159057753618	177670532387	196283311156
100	Bulgaria	20726300000	16984562384	17914804478	19778615606	22813114926	26160026290	31322907547	39127919769	47573859703	56019799636	64465739569	72911679503	81357619436	97968780980	114579942524	131191104068	147802265612	164413427155	194060860032	223708292909	253355725786	283003158663	312650591540
112	Belarus	34910570000	28608133339	30174996780	33314327431	38425519536	44062926282	52759081771	65905539438	80131550702	94357561966	108583573230	122809584494	137035595758	165014787309	192993978861	220973170413	248952361965	276931553517	326868531210	376805508904	426742486597	476679464291	526616441984
191	Croatia	24782220219	20308263671	21420544417	23649083898	27277403009	31279269935	37452473076	46784844590	56883566667	66982288744	77081010821	87179732898	97278454975	117140247166	137002039356	156863831546	176725623737	196587415927	232036541457	267485666988	302934792519	338383918049	373833043580
203	Czech Republic	34879970000	28583057585	30148547630	33285126578	38391838593	44024304009	52712837098	65847771562	80061313366	94274855170	108488396974	122701938778	136915480582	164870147663	192824814744	220779481825	248734148906	276688815986	326582022653	376475229319	426368435985	476261642651	526154849317
233	Estonia	6760169000	5539749599	5843160905	6451068646	7440812510	8532453876	10216398903	12762111436	15516871394	18271631352	21026391310	23781151267	26535911225	31953870983	37371830740	42789790498	48207750255	53625710013	63295629712	72965549412	82635469111	92305388810	101975308510
268	Georgia	7737994752	6341047587	6688345871	7384184527	8517090054	9766632064	11694151595	14608089135	17761311798	20914534461	24067757124	27220979787	30374202450	36575843883	42777485317	48979126751	55180768185	61382409619	72451036437	83519663254	94588290072	105656916890	116725543708
348	Hungary	33055610000	27088050940	28571659681	31544183179	36383794015	41721659275	49955747814	62403673401	75873790909	89343908418	102814025927	116284143435	129754260944	156246788681	182739316419	209231844156	235724371893	262216899631	309500494806	356784089981	404067685156	451351280332	498634875507
398	Kazakhstan	40304350000	33028169376	34837117569	38461483522	44362368999	50870770740	60910506399	76088128279	92512097784	108936067289	125360036794	141784006299	158207975804	190510030140	222812084475	255114138811	287416193146	319718247481	377370626887	435023006292	492675385698	550327765103	607980144509
417	Kyrgyzstan	2965517312	2430149799	2563248762	2829922706	3264098621	3742974426	4481679055	5598419566	6806863963	8015308359	9223752755	10432197151	11640641547	14017365185	16394088823	18770812460	21147536098	23524259735	27766212011	32008164287	36250116563	40492068838	44734021114
428	Latvia	12490000000	10235169045	10795747815	11918910222	13747548063	15764450402	18875685253	23579110498	28668769037	33758427575	38848086114	43937744652	49027403191	59037554915	69047706639	79057858364	89068010088	99078161812	116944179222	134810196631	152676214041	170542231450	188408248859
440	Lithuania	13254200000	10861407330	11456285083	12648168123	14588691076	16728997479	20030593073	25021797147	30422866178	35823935210	41225004241	46626073272	52027142304	62649764640	73272386977	83895009313	94517631650	105140253987	124099402741	143058551496	162017700251	180976849006	199935997761
498	Republic of Moldova	10583330000	8672711898	9147715110	10099420345	11648906153	13357916803	15994203844	19979624300	24292317327	28605010353	32917703380	37230396406	41543089432	50025134192	58507178952	66989223712	75471268471	83953313231	99091980807	114230648384	129369315960	144507983537	159646651113
616	Poland	61196840000	50148919329	52895568590	58398690296	67358406664	77240556358	92484570882	115529788031	140467419675	165405051319	190342682963	215280314608	240217946252	289264355655	338310765059	387357174462	436403583865	485449993269	572987528004	660525062739	748062597474	835600132209	923137666944
642	Romania	38299110000	31384937160	33103885755	36547930637	42155232627	48339825462	57880059714	72302557780	87909394628	103516231476	119123068324	134729905171	150336742019	181031690138	211726638257	242421586376	273116534495	303811482614	358595515122	413379547630	468163580138	522947612646	577731645154
643	Russian Federation	579060000000	474521776401	500511267376	552583198788	637362304375	730869707732	875112434150	1093172115700	1329138302515	1565104489330	1801070676145	2037036862960	2273003049775	2737092598012	3201182146248	3665271694485	4129361242722	4593450790958	5421753116106	6250055441253	7078357766401	7906660091548	8734962416696
703	Slovakia	15484880000	12689380660	13384376255	14776853043	17043965737	19544485407	23401739076	29232962095	35543030287	41853098478	48163166669	54473234861	60783303052	73193711237	85604119423	98014527608	110424935793	122835343978	144985314808	167135285637	189285256467	211435227297	233585198126
705	Slovenia	17381802120	14243849720	15023983367	16587040749	19131878309	21938715565	26268488867	32814045864	39897107320	46980168775	54063230230	61146291685	68229353140	82160055819	96090758499	110021461178	123952163857	137882866536	162746243580	187609620625	212472997669	237336374713	262199751757
762	Tajikistan	4857142784	3980278420	4198277710	4635055947	5346181255	6130519336	7340424213	9169504116	11148783399	13128062682	15107341965	17086621248	19065900531	22958673646	26851446762	30744219878	34636992993	38529766109	45477548138	52425330166	59373112195	66320894224	73268676252
795	Turkmenistan	6333332992	5189970680	5474224644	6043749186	6971000777	7993716079	9571337082	11956313726	14537138573	17117963420	19698788267	22279613115	24860437962	29936308592	35012179222	40088049852	45163920482	50239791112	59299153602	68358516091	77417878581	86477241071	95536603560
804	Ukraine	91327320000	74839916624	78938888335	87151491421	100522555741	115270216690	138019675525	172411286612	209627049145	246842811678	284058574212	321274336745	358490099278	431684681325	504879263373	578073845420	651268427468	724463009516	855099958200	985736906885	1116373855570	1247010804255	1377647752940
807	The former Yugoslav Republic of Macedonia	4470754613	3663645254	3864302590	4266334896	4920889826	5642833415	6756489745	8440065415	10261892027	12083718640	13905545252	15727371865	17549198477	21132299518	24715400558	28298501599	31881602640	35464703681	41859786126	48254868572	54649951018	61045033464	67440115910
860	Uzbekistan	48694292793	39903468236	42088975581	46467806573	53597048086	61460269302	73589923489	91926990424	111769850560	131612710695	151455570831	171298430966	191141291101	230167492780	269193694459	308219896137	347246097816	386272299494	455925868972	525579438450	595233007928	664886577406	734540146884
891	Yugoslavia	28390000000	23264727717	24538933583	27091902417	31248429906	35832886061	42904780170	53595752365	65164639948	76733527531	88302415114	99871302697	111440190279	134193449483	156946708686	179699967890	202453227094	225206486297	265816272867	306426059436	347035846006	387645632575	428255419145
32	Argentina	141350000000	168799863960	201300232164	242483106570	294339606397	349153333639	415010260218	492149050733	605861740920	719574431106	833287121292	946999811479	1060712501665	1269179465379	1477646429093	1686113392808	1894580356522	2103047320236	2463241563253	2823435806269	3183630049286	3543824292303	3904018535319
44	Bahamas	3105500000	3708581376	4422623778	5327423328	6466725488	7670998780	9117894327	10812655657	13310956041	15809256426	18307556811	20805857195	23304157580	27884236503	32464315427	37044394350	41624473273	46204552197	54118122920	62031693643	69945264365	77858835088	85772405811
52	Barbados	1710436000	2042598968	2435876646	2934218853	3561719554	4225004820	5021920689	5955355173	7331359977	8707364780	10083369583	11459374387	12835379190	15357978409	17880577627	20403176846	22925776064	25448375283	29806982996	34165590709	38524198422	42882806135	47241413848
68	Bolivia	4867582000	5812855885	6932050843	8350239864	10135989883	12023576102	14291450106	16947830638	20863683796	24779536954	28695390113	32611243271	36527096429	43705943548	50884790666	58063637784	65242484902	72421332021	84825117049	97228902078	109632687107	122036472136	134440257164
76	Brazil	464980000000	555278109261	662190180061	797663918590	968249240767	1148562554479	1365203189220	1618956247682	1993021523118	2367086798554	2741152073990	3115217349426	3489282624862	4175048233548	4860813842235	5546579450921	6232345059608	6918110668294	8102993010833	9287875353372	10472757695911	11657640038450	12842522380988
84	Belize	402800000	481022888	573638016	690995368	838768967	994969670	1182639779	1402459410	1726502365	2050545319	2374588273	2698631228	3022674182	3616734975	4210795767	4804856559	5398917351	5992978144	7019410695	8045843246	9072275797	10098708348	11125140899
152	Chile	30323060000	36211732599	43183862879	52018604807	63143102548	74901998480	89029932941	105578105372	129972281016	154366456660	178760632304	203154807948	227548983592	272270287085	316991590578	361712894071	406434197564	451155501057	528426046813	605696592569	682967138325	760237684082	837508229838
170	Colombia	40274280000	48095457977	57355655566	69089724296	83864985660	99482837792	118247183749	140226025263	172625719102	205025412941	237425106780	269824800619	302224494457	361622137665	421019780872	480417424080	539815067287	599212710495	701841389643	804470068792	907098747940	1009727427089	1112356106237
188	Costa Rica	7187778000	8583628925	10236302654	12330489839	14967440731	17754769368	21103654886	25026233602	30808628882	36591024162	42373419442	48155814722	53938210002	64538947572	75139685142	85740422712	96341160282	106941897852	125258107655	143574317458	161890527261	180206737065	198522946868
192	Cuba	19644800000	23459777627	27976673511	33700262695	40907270603	48525273496	57678058436	68398794990	84202566169	100006337348	115810108528	131613879707	147417650886	176390355582	205363060278	234335764974	263308469670	292281174366	342340911650	392400648935	442460386220	492520123505	542579860790
214	Dominican Republic	7073675000	8447367370	10073805587	12134748418	14729838806	17472919755	20768643102	24628952504	30319554653	36010156802	41700758951	47391361100	53081963249	63514418499	73946873748	84379328998	94811784248	105244239497	123269687053	141295134609	159320582164	177346029720	195371477275
218	Ecuador	10686050000	12761257773	15218283310	18331705702	22252053420	26395967322	31374746312	37206433418	45803104751	54399776084	62996447418	71593118751	80189790084	95949877793	111709965501	127470053210	143230140918	158990228627	186220887916	213451547206	240682206496	267912865785	295143525075
222	El Salvador	4807246000	5740802765	6846124767	8246734660	10010349455	11874538143	14114300767	16737754196	20605068487	24472382778	28339697069	32207011360	36074325651	43164187536	50254049421	57343911306	64433773191	71523635076	83773669275	96023703473	108273737672	120523771870	132773806069
312	Guadeloupe	2791489856	3333591142	3975433718	4788745187	5812847722	6895351886	8195945748	9719342644	11965029387	14210716131	16456402874	18702089617	20947776360	25064744273	29181712187	33298680100	37415648013	41532615926	48646012287	55759408647	62872805008	69986201368	77099597729
320	Guatemala	7650126000	9135763906	10894744534	13123638614	15930209238	18896830532	22461130399	26636025815	32790368989	38944712164	45099055338	51253398513	57407741687	68690363118	79972984549	91255605980	102538227411	113820848842	133315234010	152809619178	172304004347	191798389515	211292774684
328	Guyana	396582300	473597724	564783226	680329028	825821564	979611122	1164384319	1380810771	1699851735	2018892698	2337933662	2656974626	2976015589	3560906342	4145797095	4730687848	5315578602	5900469355	6911057691	7921646027	8932234364	9942822700	10953411036
332	Haiti	2981320000	3560285889	4245775792	5114395014	6208139762	7364257635	8753295996	10380288701	12778689250	15177089798	17575490346	19973890895	22372291443	26769226203	31166160962	35563095722	39960030481	44356965241	51954095064	59551224888	67148354712	74745484536	82342614360
340	Honduras	3048896000	3640985002	4342012541	5230320295	6348856375	7531179358	8951702316	10615573203	13068337025	15521100847	17973864669	20426628491	22879392313	27375990062	31872587811	36369185560	40865783309	45362381058	53131710996	60901040934	68670370872	76439700810	84209030748
388	Jamaica	4238556000	5061674398	6036238464	7271158304	8826140111	10469798070	12444600131	14757702949	18167519753	21577336558	24987153362	28396970166	31806786970	38057928815	44309070661	50560212506	56811354352	63062496197	73863369702	84664243207	95465116712	106265990216	117066863721
474	Martinique	3548087275	4237118142	5052923892	6086672974	7388345327	8764248321	10417351420	12353645450	15207996699	18062347948	20916699197	23771050446	26625401695	31858220805	37091039915	42323859025	47556678135	52789497246	61830888191	70872279137	79913670083	88955061028	97996451974
484	Mexico	262710000000	313727713200	374132182468	450673766727	547053116353	648928703788	771328938535	914697397369	1126041301429	1337385205489	1548729109549	1760073013609	1971416917668	2358869029712	2746321141756	3133773253799	3521225365843	3908677477886	4578126572919	5247575667952	5917024762985	6586473858018	7255922953051
530	Netherlands Antilles	1817374302	2170304456	2588170278	3117669377	3784402099	4489156674	5335896582	6327690395	7789724502	9251758608	10713792714	12175826820	13637860927	16318175767	18998490606	21678805446	24359120286	27039435126	31670547689	36301660253	40932772817	45563885380	50194997944
558	Nicaragua	1009455000	1205488975	1437591269	1731699925	2102034576	2493488351	2963807444	3514696286	4326778661	5138861035	5950943410	6763025785	7575108160	9063880843	10552653527	12041426211	13530198895	15018971579	17591308894	20163646210	22735983526	25308320842	27880658158
591	Panama	5313200000	6345011936	7566667093	9114688658	11063920741	13124311937	15599805551	18499372737	22773714905	27048057074	31322399242	35596741410	39871083579	47707140682	55543197786	63379254890	71215311993	79051369097	92590697374	106130025652	119669353929	133208682206	146748010484
600	Paraguay	5264595000	6286967950	7497447441	9031307750	10962708314	13004251111	15457098980	18330141010	22565381620	26800622229	31035862839	35271103449	39506344059	47270717139	55035090218	62799463298	70563836378	78328209458	91743680352	105159151245	118574622139	131990093032	145405563926
604	Peru	26294370000	31400679723	37446500075	45107467442	54753976061	64950597393	77201509275	91551108844	112704299856	133857490867	155010681878	176163872890	197317063901	236096741840	274876419779	313656097718	352435775657	391215453596	458219915554	525224377512	592228839470	659233301428	726237763386
740	Suriname	317112000	378694464	451607494	543999313	660336903	783308892	931055774	1104112980	1359221991	1614331001	1869440011	2124549022	2379658032	2847343747	3315029462	3782715177	4250400892	4718086606	5526165254	6334243901	7142322548	7950401195	8758479843
780	Trinidad and Tobago	5068094000	6052306882	7217605227	8694214202	10553525243	12518867459	14880162786	17645968526	21723128787	25800289047	29877449308	33954609569	38031769830	45506337697	52980905564	60455473431	67930041298	75404609165	88319347628	101234086092	114148824556	127063563020	139978301484
858	Uruguay	9286770000	11090240627	13225532063	15931268763	19338268316	22939559280	27266394300	32334453766	39805437847	47276421928	54747406009	62218390090	69689374171	83385764299	97082154427	110778544556	124474934684	138171324812	161836277696	185501230581	209166183465	232831136350	256496089234
862	Venezuela	48592750000	58029356841	69202206272	83359893716	101186918350	120030567055	142670603624	169189075239	208280778996	247372482753	286464186510	325555890267	364647594024	436313551230	507979508435	579645465641	651311422847	722977380052	846803547738	970629715423	1094455883109	1218282050794	1342108218480
48	Bahrain	4006117000	4943965015	5957473801	7233340440	8856852385	11362111381	14341814146	17785615827	23019298737	28252981647	33486664557	38720347467	43954030377	53168605956	62383181535	71597757115	80812332694	90026908274	103090327143	116153746013	129217164882	142280583752	155344002621
274	Gaza Strip																							
364	Iran (Islamic Republic of)	120400000000	148586121615	179046155066	217391101901	266184194620	341477348347	431029454001	534529606989	691822921776	849116236563	1006409551350	1163702866137	1320996180924	1597931402677	1874866624431	2151801846184	2428737067937	2705672289690	3098280801096	3490889312501	3883497823906	4276106335311	4668714846716
368	Iraq	48657420000	60048316658	72358172479	87854569347	107573389992	138001717267	174192534682	216020195928	279587362712	343154529496	406721696280	470288863063	533856029847	645774247436	757692465024	869610682612	981528900201	1093447117789	1252112543329	1410777968869	1569443394409	1728108819949	1886774245489
376	Israel	52490330000	64778526221	78058071135	94775171743	116047310767	148872580583	187914271430	233036839415	301611407522	370185975628	438760543734	507335111840	575909679946	696644075115	817378470285	938112865455	1058847260625	1179581655795	1350745695035	1521909734274	1693073773514	1864237812754	2035401851994
400	Jordan	4020268000	4961428820	5978517672	7258891117	8888137872	11402246315	14392474427	17848440814	23100610914	28352781014	33604951115	38857121215	44109291315	53356415983	62603540652	71850665320	81097789989	90344914657	103454478070	116564041483	129673604896	142783168309	155892731722
414	Kuwait	18427780000	22741797011	27403846806	33272719267	40740729053	52264696431	65971062723	81812242534	105886715959	129961189384	154035662809	178110136234	202184609659	244570833419	286957057179	329343280939	371729504699	414115728459	474206287216	534296845973	594387404729	654477963486	714568522243
422	Lebanon	2838486000	3502986927	4221096383	5125096339	6275416195	8050487314	10161719857	12601784103	16310047159	20018310215	23726573271	27434836326	31143099382	37671976042	44200852702	50729729362	57258606022	63787482682	73043410947	82299339212	91555267477	100811195742	110067124007
512	Oman	10534980000	13001260959	15666508826	19021685305	23291072813	29879211257	37715005625	46771251819	60534390735	74297529650	88060668565	101823807481	115586946396	139818732297	164050518198	188282304099	212514090000	236745875901	271099055431	305452234962	339805414492	374158594023	408511773554
634	Qatar	7360440000	9083548447	10945668452	13289818622	16272697620	20875610746	26350219555	32677517446	42293364671	51909211896	61525059121	71140906346	80756753571	97686696126	114616638680	131546581235	148476523790	165406466345	189407889864	213409313383	237410736902	261412160421	285413583940
682	Saudi Arabia	104670000000	129173665693	155654161551	188989423886	231407804409	296864070195	374716386630	464694468136	601437751016	738181033896	874924316776	1011667599656	1148410882536	1389165115600	1629919348664	1870673581728	2111427814792	2352182047856	2693497105072	3034812162288	3376127219503	3717442276719	4058757333935
760	Syrian Arab Republic	12308620000	15190117178	18304078781	22224123461	27212293203	34909592354	44064599320	54645529993	70725792786	86806055579	102886318372	118966581164	135046843957	163358226093	191669608229	219980990365	248292372501	276603754637	316740540149	356877325661	397014111173	437150896686	477287682198
784	United Arab Emirates	34132390000	42122919033	50758082996	61628553759	75460986234	96805963704	122193234431	151534659571	196125994826	240717330081	285308665336	329900000591	374491335846	453000148085	531508960324	610017772564	688526584803	767035397042	878336616549	989637836056	1100939055562	1212240275069	1323541494576
887	Yemen	4660305000	5751301042	6930313054	8414525242	10303152268	13217513238	16683793352	20689958473	26778287554	32866616635	38954945716	45043274797	51131603878	61850894564	72570185251	83289475937	94008766623	104728057309	119924696917	135121336524	150317976132	165514615739	180711255347
36	Australia	310040000000	346176767567	374862931296	407429831754	443611266321	461609315456	481395314756	502821079858	532253288338	561685496819	591117705299	620549913779	649982122259	692545497389	735108872520	777672247650	820235622781	862798997911	930210858183	997622718454	1065034578725	1132446438997	1199858299268
392	Japan	2970000000000	3316168880383	3590965378494	3902937041379	4249533805232	4421944481050	4611482662960	4816728832342	5098671998339	5380615164337	5662558330335	5944501496332	6226444662330	6634176645744	7041908629157	7449640612571	7857372595985	8265104579398	8910870367702	9556636156006	10202401944310	10848167732614	11493933520918
554	New Zealand	43102770000	48126621055	52114664912	56642221421	61672282227	64174429603	66925143630	69903823237	73995584663	78087346090	82179107516	86270868943	90362630370	96279929327	102197228284	108114527241	114031826198	119949125155	129320941400	138692757645	148064573890	157436390135	166808206380
40	Austria	162280000000	180602459232	195898564133	212868059485	231341517469	250150021239	270337161112	291211847010	314930590082	338649333154	362368076225	386086819297	409805562368	444080883578	478356204788	512631525997	546906847207	581182168417	636130164580	691078160742	746026156905	800974153068	855922149231
56	Belgium	197780000000	220110638322	238752883992	259434587164	281949256378	304872265224	329475497440	354916681672	383824082490	412731483307	441638884125	470546284943	499453685760	541226997498	583000309236	624773620975	666546932713	708320244451	775288538024	842256831597	909225125171	976193418744	1043161712318
124	Canada	572670000000	637328138577	691306573342	751190236785	816381234958	882754576428	953992987760	1027657680721	1111358768932	1195059857142	1278760945353	1362462033563	1446163121773	1567117325601	1688071529429	1809025733257	1929979937084	2050934140912	2244840161140	2438746181368	2632652201596	2826558221824	3020464242052
196	Cyprus	5592342000	6223753501	6750873601	7335660522	7972275601	8620436715	9316107100	10035471056	10852844257	11670217458	12487590659	13304963860	14122337061	15303501212	16484665362	17665829513	18846993664	20028157814	21921724407	23815291001	25708857594	27602424187	29495990781
208	Denmark	133360000000	148417204604	160987382997	174932736092	190114029885	205570660786	222160240361	239314838041	258806652042	278298466042	297790280043	317282094044	336773908044	364941007111	393108106177	421275205244	449442304311	477609403377	522765089650	567920775922	613076462194	658232148467	703387834739
246	Finland	136790000000	152234473739	165127955310	179431980879	195003735362	210857908585	227874169759	245469981221	265463121872	285456262522	305449403172	325442543823	345435684473	374327237273	403218790072	432110342871	461001895671	489893448470	536210532492	582527616514	628844700537	675161784559	721478868581
250	France	1215800000000	1353071665850	1467669917874	1594805193014	1733208139875	1874121246129	2025363079119	2181755999478	2359456565330	2537157131181	2714857697033	2892558262884	3070258828735	3327049163507	3583839498279	3840629833051	4097420167823	4354210502594	4765880293911	5177550085227	5589219876543	6000889667860	6412559459176
276	Germany	1720400000000	1914644262155	2076804841841	2256705752641	2452550817438	2651947846554	2865960389304	3087261902864	3338714488397	3590167073930	3841619659463	4093072244996	4344524830528	4707892236304	5071259642079	5434627047854	5797994453629	6161361859404	6743889173914	7326416488423	7908943802933	8491471117442	9073998431952
300	Greece	84925320000	94513936671	102518783871	111399359561	121066997784	130909974129	141474426394	152398689273	164811320807	177223952341	189636583875	202049215409	214461846943	232399008773	250336170604	268273332434	286210494265	304147656095	332903363252	361659070410	390414777567	419170484724	447926191882
352	Iceland	6245254000	6950383479	7539045423	8192106852	8903047432	9626882060	10403772719	11207123197	12119925607	13032728016	13945530426	14858332836	15771135245	17090201593	18409267940	19728334288	21047400636	22366466983	24481109532	26595752081	28710394630	30825037179	32939679727
372	Ireland	47300950000	52641532499	57100001153	62046225279	67430820500	72913073990	78797168726	84881667580	91795144780	98708621981	105622099181	112535576382	119449053582	129439534570	139430015559	149420496547	159410977535	169401458523	185417556743	201433654963	217449753183	233465851402	249481949622
380	Italy	1102400000000	1226868074052	1330777527113	1446054651076	1571548489388	1699318359708	1836453576592	1978259429038	2139385521977	2300511614915	2461637707854	2622763800792	2783889893731	3016728901012	3249567908293	3482406915574	3715245922856	3948084930137	4321357489725	4694630049313	5067902608901	5441175168489	5814447728077
442	Luxembourg	10928580000	12162487207	13192587688	14335380931	15579456994	16846096371	18205578581	19611362873	21208677275	22805991677	24403306079	26000620481	27597934883	29906171202	32214407521	34522643840	36830880159	39139116478	42839532869	46539949260	50240365651	53940782042	57641198433
470	Malta	2312460000	2573551657	2791518324	3033330496	3296573857	3564591558	3852254570	4149714985	4487702689	4825690393	5163678097	5501665801	5839653505	6328070496	6816487487	7304904477	7793321468	8281738459	9064737247	9847736034	10630734821	11413733609	12196732396
528	Netherlands	295960000000	329375793901	357272239590	388220550193	421911729789	456213952956	493030479434	531100925815	574358253886	617615581958	660872910029	704130238101	747387566173	809897573969	872407581766	934917589562	997427597359	1059937605155	1160149639567	1260361673979	1360573708391	1460785742803	1560997777215
578	Norway	115450000000	128485050027	139367076837	151439594944	164582069213	177962903328	192324533216	207175300329	224049399957	240923499585	257797599212	274671698840	291545798468	315930108510	340314418553	364698728595	389083038637	413467348679	452558710258	491650071837	530741433416	569832794995	608924156573
620	Portugal	70936470000	78945655233	85631948593	93049720949	101124911349	109346558276	118170840024	127295664587	137663694574	148031724561	158399754548	168767784536	179135814523	194118377345	209100940167	224083502988	239066065810	254048628632	278067712200	302086795768	326105879335	350124962903	374144046471
724	Spain	513660000000	571655528771	620071829261	673784862184	732258342761	791792333679	855690079964	921764094993	996840318594	1071916542196	1146992765798	1222068989400	1297145213002	1405635855673	1514126498344	1622617141014	1731107783685	1839598426355	2013523664888	2187448903420	2361374141952	2535299380484	2709224619017
752	Sweden	237920000000	264782703355	287208444531	312087556771	339171640598	366746937719	396343464208	426948007399	461722245454	496496483509	531270721564	566044959619	600819197675	651070518985	701321840295	751573161605	801824482915	852075804225	932635498871	1013195193516	1093754888162	1174314582807	1254874277453
756	Switzerland	228410000000	254198962985	275728315464	299612974286	325614468851	352087542218	380501053546	409882289719	443266552136	476650814553	510035076969	543419339386	576803601802	625046306495	673289011188	721531715880	769774420573	818017125265	895356734605	972696343944	1050035953283	1127375562622	1204715171961
792	Turkey	150720000000	167737260632	181943748990	197704423993	214861926996	232330608831	251079719760	270467399442	292496540160	314525680878	336554821596	358583962314	380613103033	412446825073	444280547114	476114269154	507947991194	539781713235	590815494241	641849275247	692883056253	743916837259	794950618265
826	United Kingdom	987640000000	1099150929478	1192243393395	1295520152022	1407950063552	1522419071827	1645278492730	1772322335355	1916675178633	2061028021911	2205380865189	2349733708467	2494086551746	2702686984575	2911287417404	3119887850234	3328488283063	3537088715893	3871503547852	4205918379811	4540333211770	4874748043728	5209162875687
4	Afghanistan	21769024499	27114375461	32943687238	40309168341	49598460942	60714751356	74278934296	90472304042	114479717798	138487131554	162494545310	186501959067	210509372823	252446986976	294384601129	336322215282	378259829435	420197443588	482290616936	544383790284	606476963631	668570136979	730663310327
50	Bangladesh	30128780000	37526856252	45594744277	55788722410	68645295435	84030471207	102803580846	125215539388	158442296400	191669053412	224895810425	258122567437	291349324450	349391849534	407434374618	465476899702	523519424786	581561949871	667500185614	753438421358	839376657101	925314892844	1011253128588
64	Bhutan	284661500	354559700	430786388	527100712	648571657	793933242	971304564	1183056309	1496987988	1810919667	2124851346	2438783025	2752714704	3301109702	3849504701	4397899699	4946294697	5494689695	6306647799	7118605904	7930564008	8742522112	9554480217
90	Solomon Islands	211167400	263019235	319565665	391013491	481122985	588955017	720532490	877614025	1110494610	1343375194	1576255778	1809136362	2042016946	2448826950	2855636954	3262446958	3669256962	4076066966	4678393174	5280719382	5883045590	6485371797	7087698005
96	Brunei Darussalam	3591117000	4472910335	5434540041	6649583204	8181987037	10015780714	12253389843	14924721551	18885093393	22845465236	26805837078	30766208921	34726580763	41644799774	48563018784	55481237794	62399456804	69317675815	79560847272	89804018729	100047190186	110290361642	120533533099
104	Myanmar	8235039064	10257140421	12462320088	15248619704	18762681047	22967880311	28099096750	34224912468	43306715381	52388518294	61470321207	70552124120	79633927033	95498574106	111363221179	127227868252	143092515325	158957162398	182446488167	205935813936	229425139705	252914465474	276403791243
116	Cambodia	1114711000	1388426596	1686924030	2064082998	2539753217	3108977217	3803548714	4632751115	5862081726	7091412337	8320742949	9550073560	10779404171	12926873839	15074343507	17221813175	19369282843	21516752510	24696313605	27875874699	31055435793	34234996887	37414557981
144	Sri Lanka	8031945000	10004176918	12154972034	14872555411	18299952319	22401442178	27406111604	33380851316	42238677117	51096502919	59954328720	68812154522	77669980323	93143370522	108616760720	124090150918	139563541116	155036931315	177946958966	200856986616	223767014267	246677041918	269587069569
242	Fiji	1380917000	1719999076	2089781182	2557010114	3146275934	3851437271	4711880549	5739106164	7262015276	8784924389	10307833502	11830742614	13353651727	16013962221	18674272715	21334583209	23994893704	26655204198	30594081600	34532959002	38471836403	42410713805	46349591207
258	French Polynesia	3181042000	3962142040	4813961817	5890257392	7247673749	8872063794	10854157003	13220445363	16728576445	20236707527	23744838609	27252969691	30761100773	36889318048	43017535323	49145752599	55273969874	61402187149	70475675598	79549164047	88622652496	97696140944	106769629393
356	India	316210000000	393854886103	478529634713	585518295575	720451636924	881923373611	1078952426861	1314172220374	1662896358387	2011620496401	2360344634414	2709068772427	3057792910440	3666965497477	4276138084515	4885310671552	5494483258590	6103655845627	7005601743351	7907547641075	8809493538798	9711439436522	10613385334246
360	Indonesia	114420000000	142515657531	173155057727	211868705543	260694083985	319122331389	390416927616	475530772130	601715952458	727901132786	854086313113	980271493441	1106456673769	1326884640654	1547312607540	1767740574425	1988168541311	2208596508196	2534963952671	2861331397147	3187698841622	3514066286097	3840433730573
410	Korea, Republic of	252620000000	314650458010	382297069420	467770253402	575568427690	704568111829	861974517168	1049891484491	1328487011973	1607082539454	1885678066935	2164273594416	2442869121898	2929536776107	3416204430316	3902872084525	4389539738734	4876207392943	5596771488585	6317335584227	7037899679869	7758463775511	8479027871152
458	Malaysia	44024180000	54834250655	66623050422	81518493526	100304520873	122785343114	150216615071	182964973849	231515918545	280066863240	328617807936	377168752632	425719697327	510531447819	595343198310	680154948801	764966699292	849778449783	975351418860	1100924387936	1226497357012	1352070326089	1477643295165
462	Maldives	145875200	181694634	220757111	270113527	332361490	406852245	497746438	606258928	767133673	928008419	1088883165	1249757911	1410632657	1691658472	1972684287	2253710102	2534735917	2815761732	3231850844	3647939957	4064029069	4480118181	4896207294
524	Nepal	3627559000	4518300613	5489688761	6717061961	8265016349	10117419029	12377735007	15076174901	19076735875	23077296848	27077857821	31078418795	35078979768	42067403602	49055827437	56044251271	63032675105	70021098940	80368216231	90715333523	101062450815	111409568106	121756685398
540	New Caledonia	2529310000	3150378236	3827677146	4683461245	5762770089	7054355043	8630356924	10511840039	13301225098	16090610157	18879995216	21669380275	24458765334	29331433232	34204101131	39076769029	43949436927	48822104826	56036616633	63251128440	70465640247	77680152055	84894663862
548	Vanuatu	152905500	190451214	231396265	283131361	348379298	426460056	521734797	635476931	804104864	972732797	1141360730	1309988663	1478616596	1773186151	2067755706	2362325261	2656894816	2951464371	3387606456	3823748540	4259890624	4696032709	5132174793
586	Pakistan	40010420000	49834917972	60548912645	74086312652	91159585665	111590792783	136521108626	166283743365	210408215159	254532686954	298657158748	342781630542	386906102336	463985420068	541064737799	618144055530	695223373262	772302690993	886426957099	1000551223204	1114675489310	1228799755415	1342924021521
598	Papua New Guinea	3221047000	4011970208	4874502528	5964333669	7338820985	8983639470	10990659618	13386706581	16938956157	20491205734	24043455310	27595704887	31147954463	37353240615	43558526766	49763812918	55969099069	62174385221	71361982476	80549579731	89737176986	98924774241	108112371496
608	Philippines	44330860000	55216235464	67087158035	82086365354	101003259395	123640686905	151263049814	184239539285	233128698201	282017857117	330907016033	379796174950	428685333866	514087897579	599490461292	684893025006	770295588719	855698152433	982145884381	1108593616330	1235041348279	1361489080228	1487936812177
626	East Timor																							
702	Singapore	36637960000	45634355532	55445272494	67841611247	83475785888	102184855904	125013806828	152267762699	192673002950	233078243200	273483483450	313888723701	354293963951	424876301249	495458638547	566040975845	636623313143	707205650441	811710434360	916215218278	1020720002197	1125224786116	1229729570035
764	Thailand	85344730000	106300999063	129154620257	158030741741	194449101646	238030145161	291208069173	354693631831	448813891795	542934151759	637054411723	731174671687	825294931651	989709940551	1154124949450	1318539958350	1482954967249	1647369976149	1890804178469	2134238380790	2377672583111	2621106785432	2864540987752
882	Samoa	145789100	181587392	220626814	269954098	332165320	406612109	497452653	605901095	766680888	927460680	1088240473	1249020266	1409800058	1690660003	1971519948	2252379893	2533239838	2814099783	3229943307	3645786831	4061630355	4477473879	4893317402
316	Guam																							
630	Puerto Rico	30603800000	34825032385	38256244781	42146801837	46475410109	50925896829	55792941415	60933650640	67218917164	73504183688	79789450212	86074716736	92359983259	102622937298	112885891336	123148845375	133411799413	143674753452	160488866396	177302979340	194117092284	210931205228	227745318172
840	United States	5750800000000	6544017286641	7188780886324	7919860540260	8733254970119	9569551738167	10484124438464	11450121818302	12631194453890	13812267089478	14993339725066	16174412360654	17355484996242	19284010084125	21212535172008	23141060259890	25069585347773	26998110435656	30157672343619	33317234251582	36476796159545	39636358067508	42795919975471

